NoKPMurid,NamaMurid,KatalaluanMurid,IDTingkatan
630960050517,Haryati Tembam binti Teruna,zlxlw6,3
274227570759,Ruwayfi Maymuun bin Waliyudeen,b0185a,4
350337081160,Ajiad Teruna bin Ishtiqal,h0j13f,4
309063273302,Tembam Mayang binti Aqsad,532c0z,3
687732781955,Khajeer Aayiz bin Fuaad,u0rq19,2
466250856225,Senin Ishtiqal bin Fuaad,ja66ts,4
928479564941,Zuljalal Imen bin Ruwayfi,70qbhs,2
322646638521,Putera Usama bin Izz,j6qv1j,5
067179341130,Wadd Qazzafi bin Senin,lotq18,2
808296474862,Taish Hatar bin Wathiq,28715t,3
898145894772,Awang Putera bin Haruun,8jyxuw,3
937510333737,Panjang Ishraq bin Yaqeen,ql5xvj,5
918175466303,Zuljalal Arhaa bin Aafaaq,3kjzmn,1
356683542839,Mabrura Sibgha binti Sulung,tecmdl,4
483844461640,Zikri Saqabat bin Tenuk,1q8qg2,5
673857660310,Muminah Sajjal binti Iesa,y5bpit,4
134335970245,Sulung Rafa'ah bin Hatar,vaylkz,1
874175306717,Suriani Delima binti Zakawat,7qyvxf,4
668289609689,Bintang Bisaam bin Ishtiqal,b6adde,2
662925941622,Tenuk Sabtu bin Reheeq,bxpy7o,2
957555163463,Tembam Raqeema binti Ishraaq,nbaxsm,5
245024099004,Izzati Aayizah binti Iesa,66rwsx,3
336642556916,Tijah Aatiya binti Muda,jx225l,1
305571935367,Zaka Rafa'ah bin Ishraaq,ir8t8s,1
733579367019,Raahim Usama bin Bintang,3qll8a,3
052996462418,Kuntum Aeni binti Istiqlal,0cjx21,2
852807841113,Khilaal Aafaaq bin Samroze,rapee3,2
856665738504,Jazaa Anoud binti Junada,xvc6am,4
162836856151,Taish Taish bin Junada,w62wcx,3
305019123085,Zaheera Abaasa binti Hatar,6lpfyk,1
623010427380,Mudassir Junada bin Yaqeen,luib67,2
881561476375,Muzn Haissam bin Muzakir,34k1hz,4
500184129723,Arhaa Bisaam bin Afan,g1qyf5,3
731331571225,Aatiya Aafiyat binti Senin,qx6kmf,4
144739518363,Ihkam Raqeema binti Ayyash,j8o59q,5
367292501970,Sabtu Nijat bin Ghazaar,qq78lc,2
711587732077,Jenab Sidratul binti Aswab,gpdvqc,5
615707844375,Wasiya Zamira binti Aaaqil,4dibzi,1
117369331973,Wadd Awang bin Mishkat,8drtaf,1
915383287212,Masayu Aarifa binti Aqsad,oe4y55,3
005415921780,Ibhar Khatijah binti Panjang,rbk36u,5
958765501468,Sajaf Rabwah binti Muda,n93dtd,4
824113138131,Aafiyat Ibhar binti Imen,boux25,2
889794424542,Sibgha Tempawan binti Imen,gde82v,2
258331777137,Wadida Marjia binti Reheeq,in6n80,5
899312586905,Mudassir Fuaad bin Slamet,7iga5p,2
300005528730,Junada Saqabat bin Ghazaar,mj7b6h,1
486750354232,Samyan Tembam binti Wadd,fz0id5,5
943736498553,Raahim Selasa bin Adiputera,6fcntj,5
867403536829,Aarifa Maeen binti Selasa,ygafqp,3
490104279776,Kembang Wardda binti Teruna,2brk1s,1
123898418510,Aatiya Ibhar binti Zayana,c4sze2,5
519510902056,Twaf Zaheera binti Usama,vt0zba,3
944865906573,Taish Iffaan bin Sabit,4pka89,2
694034690658,Aadam Arhaa bin Zaka,71yvjh,2
228454106611,Twaf Shanzey binti Selasa,8u5hd1,2
580378220117,Haryati Twaf binti Nijat,cww9dm,1
224130818613,Zaheera Ihkam binti Tuah,9sn3ao,3
852916557114,Reheeq Zayana bin Idrak,k29cca,4
864107237257,Bujang Ahkam bin Arhaa,7y58ly,3
128626234863,Wadd Tenuk bin Aayiz,t17eyt,2
779182360539,Ajaar Melur binti Fuaad,n705l9,2
047163517057,Maeena Muminah binti Bisaam,w4231d,3
545490038866,Fehmeed Afan bin Hatar,65rzqn,1
942690198417,Tijah Rabihah binti Kechik,vz4ly4,3
513194666766,Waase Atheer bin Iesa,5z11ok,1
328801986469,Muzn Reehab bin Barzin,7nrubd,2
765428038080,Mizn Slamet bin Iyaan,q7stqt,5
313398499113,Maarib Samyan binti Nijat,v8aqb4,2
112291252919,Bunga Ibhar binti Reehab,chmhmc,5
375831132874,Bintang Ahkam bin Putera,add5k6,5
793814642940,Shanzey Aafiyat binti Maymuun,9ks658,1
301935771100,Wardda Sajaf binti Adiputera,fp2u9t,4
049390348805,Zaheera Muminah binti Aayiz,7v5aeh,4
710984102050,Johan Wadood bin Zaka,vvrnc1,3
125685605615,Surintan Esah binti Idrak,kp94dj,2
197111832228,Zaafer Slamet bin Wifaq,7fa4mp,5
955301261266,Sayfudin Ishtiqal bin Aadam,vf0dza,1
938450314618,Mayang Marjia binti Khajeer,tyq9mm,2
855096978052,Mayang Suriani binti Raahim,xm9tp4,5
500334192705,Imen Wifaq bin Taseen,39ndps,5
102879088863,Ayyash Sannan bin Izz,mp5bvn,3
918181378945,Maymuun Budiharto bin Taish,359npx,2
761843724894,Khilaal Selasa bin Aaaqil,zxrpu8,3
372066512975,Mudassir Fuaad bin Rafa'ah,c9x4gb,3
888693725384,Dhia Wasiya binti Aafaaq,nh10ab,3
530979711200,Ahkam Taish bin Qazzafi,zstby9,1
688588661651,Johan Bintang bin Waase,w9qpq2,1
535335269203,Aswab Zaka bin Ajiad,9fgoov,5
350405095728,Samsam Selasa bin Khilaal,jxoyb0,3
683350897445,Afsah Iffaan bin Atheer,yji3j9,3
200579876223,Cempaka Suriawati binti Aafaaq,mex62n,2
952052340168,Izz Sulung bin Wasfi,om6fai,5
450369101866,Yaqeen Raahim bin Maymuun,izz3ko,3
517377685569,Ghazaar Mizn bin Zayana,a1trec,4
576105695081,Azarnoush Mahia binti Haruun,x10nld,3
039887814601,Izz Sajjal binti Megat,4ybnov,3
236656790005,Rabwah Zamira binti Saqabat,cd9wrp,3
264848087991,Johan Ghazaar bin Teruna,j1foj2,3
861753985846,Zikri Imen bin Imen,586bml,3
382784181722,Aatiya Nazra binti Afan,d7dlil,4
252303591213,Sabit Aswab bin Haissam,z49jop,1
376310277504,Hapsah Zaheera binti Iesa,9n0aaj,1
411212911560,Muzakir Sabit bin Ayyash,gyyx9d,1
665798400933,Muda Iyaan bin Tenuk,ealluf,1
549404771711,Ishraaq Aswab bin Afsah,itv9cx,1
302165052943,Dhia Surintan binti Johan,yam3jy,2
137632904680,Muda Izz bin Ahkam,p9ub0v,5
439439356195,Aeni Tipah binti Hadees,acc6o9,1
965737334312,Teratai Taqdees binti Yaqeen,njnifj,1
123062750220,Mawiza Puspawati binti Ishtiqal,37xnej,3
579479689694,Suleika Hapsah binti Senin,1fvsk5,4
647170961165,Muda Maymuun bin Wadood,65tmsd,4
607187206290,Anoud Azarnoush binti Tuah,me4ndn,3
289078372052,Jenab Kasih binti Arhaa,um2wvi,5
461957153830,Sabtu Iffaan bin Wadood,9xga3n,2
510158599980,Mahsuri Masayu binti Haruun,4eh2ds,5
812013696035,Tenuk Taseen bin Afan,vdrc3w,1
165200828141,Ghazaar Taseen bin Zaafer,wfh7ej,4
148028417011,Ghazaar Waliyudeen bin Zaafer,dkocio,4
166279329654,Khatijah Zulla binti Ishraq,dk89jm,3
342771852267,Aayiz Aswab bin Taseen,jixr2a,5
608435481706,Afan Mishkat bin Awang,ygzkky,2
494062420868,Ibrat Rufqa binti Wathiq,rv67k3,5
063538390311,Joyah Esah binti Hatar,cdzmvu,3
361593746694,Haryati Dinihari binti Taish,7d3fgv,3
976177487806,Cempaka Anoud binti Hazer,cgamjt,4
086665785183,Zulkifl Adiputera bin Reehab,i67nk5,5
789780752480,Hapsah Ibhar binti Bintang,5r51hl,3
970722005007,Musawwir Aadam bin Hazer,i0myoo,4
055851564793,Sabit Idrak bin Adiputera,fj7gqd,1
194800868444,Seniya Kuntum binti Hatar,eqt56o,4
330304482121,Bisaam Taish bin Budiharto,x7y60j,2
086761205465,Mubdia Rufqa binti Fuaad,u71hci,5
514638660882,Putera Maymuun bin Yaqeen,nbpjod,4
745852084491,Selasa Sulung bin Aati,6sd21x,2
315103645446,Idrak Istiqlal bin Ishtiqal,baz8wc,3
845074887491,Ayyash Wifaq bin Tenuk,nzu5vu,1
957587090023,Putera Afan bin Imen,1k2mv2,1
051513091694,Sabtu Sabtu bin Khajeer,s3frqo,4
236321531072,Wathiq Usama bin Nijat,qb3qix,3
485505516989,Haryati Wardda binti Muda,p9zh3b,5
249798849455,Amaal Ajaar binti Iyaan,bbw3jg,4
365157514373,Shanzey Raqeema binti Afan,6u7v33,4
425801006685,Ishraq Aayiz bin Ghazaar,gb4bcc,1
659347308411,Istiqlal Arhaa bin Bintang,v2qpt6,2
332999666762,Aadam Arhaa bin Sayfudin,1iu9lr,4
502249719798,Iffaan Perwira bin Hadees,dtjxc8,5
539595907388,Puteri Suriawati binti Raahim,ym83t0,5
983981921618,Istiqlal Ayyash bin Zakawat,ey3xs5,4
221294849218,Wadood Aswab bin Teruna,f7ux3i,3
297686360140,Junada Samroze bin Sabtu,yqqc5y,5
074492250188,Adiputera Ayyash bin Samroze,aa5as0,5
426726919932,Khilaal Aqsad bin Mizn,y4clla,3
327455699477,Aayizah Kuntum binti Haissam,zgcmia,1
489793571057,Imen Samroze bin Sineen,i7otnv,2
332975907398,Aati Qazzafi bin Haissam,98c6yt,4
214275719218,Mubaraka Puteri binti Sibbt,lklhrq,4
750637842230,Wathiqa Surintan binti Arhaa,83q453,1
591048831048,Aswab Zulkifl bin Sulung,og9uk1,5
985955223555,Hatar Samsam bin Bujang,n5kv5u,1
403509689978,Megat Ayyash bin Zulkifl,xtknft,2
891030632364,Sabtu Putera bin Ishraq,inj7nf,1
730285092713,Zulkifl Aafaaq bin Sannan,2ogpgk,2
981197970326,Ibhar Maeen binti Aafaaq,e9buyc,4
458565775194,Bunga Tipah binti Ishraaq,7ucmb7,1
848382232814,Khajeer Waase bin Sulung,6iujwl,2
908184843305,Waleeya Sajaf binti Iesa,ma01ny,4
212458768234,Zulla Amaal binti Junada,ngvxze,3
892087494145,Jazaa Waleeya binti Yaqeen,epelw3,3
291260391952,Wadida Shanzey binti Kechik,03nmd2,1
361653630959,Wathiq Bisaam bin Afsah,2fq2s1,5
988342632050,Afan Iyaan bin Fuaad,r0i7io,2
780497369199,Imen Bujang bin Aswab,4ore8o,3
885963861713,Adiputeri Mubdia binti Hazer,hxile5,1
585240672687,Aafaaq Ghazaar bin Aadam,w0j5n4,4
490009858661,Aadam Fehmeed bin Aswab,3ys209,2
330294217791,Muzn Haissam bin Reheeq,mu9nm1,3
718232912511,Afan Sannan bin Maymuun,5c580f,4
207515400911,Wadida Seniya binti Hazer,jvjdku,2
069433252945,Haissam Megat bin Junada,2wcx7e,1
264502342197,Musawwir Samsam bin Nijat,8j2xey,2
049485756980,Rafa'ah Aafaaq bin Maymuun,laxsqu,5
101108665631,Mubdia Dinihari binti Fuaad,6ngjdh,4
541671646621,Usama Putera bin Ishtiqal,zmsb19,1
391415852996,Samroze Fehmeed bin Wathiq,jjch6r,2
828410804295,Afeen Shanzey binti Ahkam,2xd3as,4
451171628692,Wathiqa Ibhar binti Putera,4f9haf,4
748481551420,Sajjal Cempaka binti Ayyash,g8l3v0,3
160322667228,Sineen Junada bin Panjang,ty2xys,1
156918431217,Zayana Awang bin Aadam,bxlihk,1
198298551597,Cempaka Maarib binti Yaqeen,jvjl8h,1
036245676667,Adiputeri Ihkam binti Fehmeed,agb662,4
817800051796,Suriani Tempawan binti Megat,yj24rk,2
681342844267,Mishkat Sulung bin Aayiz,p9yrjp,1
630729221805,Sajaf Azarnoush binti Fehmeed,6jhjy2,3
011624138470,Tempawan Teratai binti Raahim,os2akk,2
035864555445,Awang Haruun bin Wifaq,m2lv2k,1
991370838195,Joyah Latipah binti Bisaam,24rsdw,3
828968252910,Bisaam Fehmeed bin Imen,yvjsmp,2
325287806535,Bintang Afan bin Wadd,xhq1wf,1
743600245627,Ghazaar Iffaan bin Wadood,wh3m9x,3
490366183737,Sidratul Mubaraka binti Haruun,9d438p,4
269421321437,Sineen Zakawat bin Hazer,jelsxm,3
753554062386,Munah Munah binti Aaaqil,r9e1z2,1
592707748805,Latipah Izzati binti Ghazaar,2if6ma,1
135497844346,Waase Idrak bin Sulung,vbjhfu,1
517609472844,Qawi Zayana bin Bisaam,qd2djz,5
716406865382,Jebat Awang bin Bujang,8uy4z9,4
079302484465,Haryati Marjia binti Bintang,579jk2,3
188381478431,Izz Bisaam bin Afan,bq7eys,5
702358308391,Kembang Dhia binti Sabtu,qy8aaq,1
367007342109,Cahaya Taqdees binti Wathiq,ekc0wb,5
658059791878,Perwira Aqsad bin Idrak,4hhzvr,1
610670330392,Tijah Maeena binti Wifaq,45mq59,2
139353747726,Ibtisama Twaf binti Aafaaq,lnxjsq,3
857000474131,Tuah Perwira bin Johan,5v43pc,5
182476711295,Sanabel Wisama binti Sayfudin,476rlt,5
002058803346,Wasfia Indeela binti Nijat,rva8wr,2
580550167808,Afeen Samyan binti Tuah,8icrb5,4
442055253958,Sonbol Cik binti Raahim,mf5uk9,4
314572365057,Samyan Mannal binti Atheer,so68zu,4
921385804286,Atheer Hazer bin Idrak,5z41b3,3
573979793087,Ibrat Aatiya binti Zaka,3s5oz7,4
627295052842,Wasiya Joyah binti Waliyudeen,ejola6,3
831108273321,Sineen Iyaan bin Raahim,016uxy,3
390627257413,Ishraq Muzakir bin Qawi,km4a3j,5
095998097180,Wathiq Zayana bin Tuah,fe5rcp,3
956681027605,Sibbt Afan bin Zaka,d8vf5w,4
049235874054,Bisaam Nijat bin Zuljalal,cyjohc,1
742832677225,Zikri Mishkat bin Wadd,3aw0td,4
079660801985,Waase Wifaq bin Waase,5q3odc,2
668922662337,Megat Ghazaar bin Maymuun,rjbysi,3
035554672343,Taish Imen bin Ishtiqal,hvcvli,3
158924448738,Surintan Suriawati binti Iyaan,kpw9jz,3
872227248150,Khajeer Muda bin Adiputera,7yj3n4,4
522680311414,Hazer Haruun bin Ishraaq,p4fj4c,1
682441104455,Sajjal Puspawati binti Perwira,q4hp6r,3
778834280355,Zaafer Aadam bin Reehab,601cy3,5
875616046702,Ibhar Zamira binti Mizn,6ba43n,2
944066505544,Wadd Budiharto bin Fehmeed,z36171,2
002713656150,Ibhar Mawiza binti Mishkat,xdes4f,4
631656000235,Latipah Maeena binti Zaka,tkapxw,3
650995197689,Dhia Suriani binti Qawi,4klvi8,2
830324852786,Ishraaq Rafa'ah bin Muda,9kl04x,2
320475496969,Esah Tijah binti Khilaal,tddgfy,4
601247736060,Maeena Maarib binti Ishtiqal,peygyz,5
667650110410,Munah Wardda binti Muzakir,r5ygkh,5
759504505818,Mayang Wardda binti Istiqlal,e8b6u4,1
375361859828,Aayiz Adiputera bin Budiharto,jfpvcz,2
732979163256,Taqdees Nazra binti Taseen,kzzoyf,1
660774368518,Usama Ishraq bin Zuljalal,ehi6of,5
981566853039,Wasiya Zamira binti Kechik,oohfz2,1
549868545690,Sabtu Imen bin Hadees,mbzyq8,2
581566599740,Hazer Zulkifl bin Sabit,0h681o,2
217380935104,Samroze Zulkifl bin Mudassir,q0c7a6,2
276258971064,Ruwayfi Reehab bin Ayyash,lplf5f,3
629646105555,Adiputera Kechik bin Istiqlal,geu8fy,3
209543020045,Surintan Ibrat binti Iyaan,2092j3,1
468118296008,Arhaa Tenuk bin Ishtiqal,p5dx5x,1
264910270042,Tasmia Nazra binti Zuljalal,mx2zzs,3
069011184570,Abaasa Jazaa binti Fuaad,r4g33e,3
448647171488,Seniya Rabihah binti Raahim,3vtmnf,2
045805037478,Maarib Tasmia binti Ruwayfi,ffb4cw,5
308154126493,Iffaan Budiharto bin Hadees,2taj10,1
317694978104,Wasfi Zikri bin Imen,2w0nbu,5
034207250638,Surintan Maarib binti Fehmeed,0cu0ea,1
851437598417,Mubaraka Suriani binti Slamet,8vftuq,1
547451789459,Raqeema Zaheera binti Tenuk,wr6139,1
774176856221,Mahia Mahsuri binti Samsam,p1n3hr,3
809489076282,Maymuun Megat bin Reheeq,ld4z2n,4
951107655993,Kechik Sulung bin Muda,933xgk,4
924488534554,Iesa Atheer bin Muzakir,smth9o,3
761096677478,Tipah Wasiya binti Johan,v9yele,4
007849934584,Teruna Izz bin Bujang,ot8oba,3
722482717940,Yaqeen Qawi bin Reheeq,t4twxp,1
927312661771,Iesa Ahkam bin Fehmeed,tl5a0i,4
674548549099,Cucu Soroushi binti Qawi,epbmwb,2
723649665318,Haissam Rafa'ah bin Wifaq,6nc9p3,5
171790929179,Mawiza Delima binti Iesa,eoz2y5,3
405972674570,Nazra Dinihari binti Haissam,zcx15r,3
662150817779,Ibhar Kembang binti Idrak,1p8ovj,3
660826146255,Sanabel Sonbol binti Saqabat,ztbpbk,1
621299064850,Rabwah Mannal binti Zakawat,hfa8g2,2
431231443154,Iyaan Muzakir bin Muzakir,uz191q,1
933030701033,Maymuun Putera bin Sulung,omg4ag,5
334418530256,Qazzafi Ghazaar bin Adiputera,lik0hv,4
726130749080,Maeen Ibhar binti Sibbt,h60y6c,4
557433363315,Uswah Izzati binti Jebat,1v5swn,3
112253868609,Aafaaq Ajiad bin Slamet,jbqu1g,5
555022990122,Taseen Idrak bin Ishraq,nsi9uw,1
987849044744,Maarib Twaf binti Aqsad,88v4ec,2
860215874978,Ishraq Bujang bin Khilaal,i2g8wc,5
395736264213,Raqeema Nazra binti Qazzafi,ug10y7,5
300934185973,Ibrat Tasmia binti Junada,5h5exp,3
193760873796,Iffaan Muzakir bin Zaafer,uaukqq,4
562837548018,Ayyash Sineen bin Zulkifl,magoy3,5
680546159609,Zakawat Awang bin Johan,h3zvqc,2
272747850198,Aati Bisaam bin Tenuk,iebw01,2
573089196987,Mawiza Shanzey binti Mizn,noj4bh,1
955106743154,Puteri Surintan binti Qazzafi,x3mmol,5
752575529222,Idrak Hatar bin Idrak,ym3nh1,5
234998456035,Rabwah Abaasa binti Ahkam,rb46g8,4
516044468960,Puteri Cempaka binti Ishraq,wji10a,1
546585991219,Mawiza Azarnoush binti Istiqlal,dsatlr,2
296007167675,Iyaan Raahim bin Haruun,6bbtrb,1
706401604796,Zaheera Rabihah binti Perwira,598j8m,2
211507061308,Saqabat Zikri bin Junada,ea2elf,5
427251684384,Tuah Tenuk bin Istiqlal,w7v0er,1
123505539973,Zaheera Mabrura binti Rafa'ah,6yt5fw,1
515271615335,Sayfudin Panjang bin Ayyash,i0mdi5,5
477167794758,Cik Delima binti Zaafer,nrsa2y,5
465241361921,Zaituna Mawiza binti Muzn,bscyhk,5
541643953087,Hatar Jebat bin Wadd,hiyaeu,3
929064451620,Sajjal Arwaa binti Qazzafi,zrl8fp,4
583101205794,Iffaan Tuah bin Haissam,cqahcw,2
770693577982,Tijah Wasfia binti Aaaqil,toy99a,1
644147419477,Iffaan Afsah bin Tuah,e7oxwn,3
142861001452,Zayana Fuaad bin Yaqeen,hp70hp,5
216319356717,Raqeema Sajaf binti Hatar,l5wxls,1
633729826201,Shanzey Teratai binti Fehmeed,amxzys,2
056769652032,Wasfi Izz bin Ruwayfi,qd24fv,3
517411696231,Aayiz Selasa bin Ghazaar,2vmzps,4
497220673276,Maymuun Nijat bin Haruun,loooaz,5
447228416610,Shanzey Aafiyat binti Hatar,yte9pf,5
356596286982,Ayyash Aswab bin Afsah,j6q8v3,5
011311355882,Masayu Muminah binti Slamet,dwp6jk,1
218819486739,Samroze Samsam bin Iesa,gylg8a,4
657469501440,Mishkat Qazzafi bin Mishkat,2am9m5,1
237420570218,Taseen Wasfi bin Sulung,m83382,1
855336149974,Muzakir Atheer bin Kechik,2v8qhu,5
244859477927,Haissam Muda bin Fehmeed,2j0bpr,5
081503672113,Teratai Tembam binti Johan,re6cvj,1
704050280228,Latipah Suriawati binti Raahim,jy4ui3,4
385586690620,Teratai Masayu binti Iyaan,dzf031,5
423988184163,Ibrat Mannal binti Aafaaq,hbjraf,5
258257621100,Sidratul Surintan binti Afsah,dxtwjv,3
068545861594,Aaaqil Muzn bin Istiqlal,lniz05,3
423585116169,Cucu Abaasa binti Zahabia,20cive,5
483979517397,Sineen Selasa bin Perwira,o4gkh8,2
384536742282,Zulkifl Usama bin Aayiz,5i010v,5
477987904747,Zayana Iyaan bin Mudassir,2gtrwv,4
541824669961,Tenuk Rafa'ah bin Usama,7jyvcn,2
097364280273,Mahia Anoud binti Awang,675y5t,4
818925055235,Delima Latipah binti Afan,5nke1g,3
226137920129,Arhaa Sineen bin Istiqlal,71yi6j,3
492882696302,Kechik Ishraq bin Aafaaq,arufmo,5
297094072725,Atheer Sannan bin Zikri,120bpb,1
266013918797,Rufqa Waleeya binti Afan,py7bdd,1
166287617816,Wardda Ibtisama binti Muzakir,ur6s84,4
185922865773,Wardda Ibtisama binti Usama,7t6vdf,3
008189705658,Johan Bintang bin Sabtu,sjjslf,5
041407882829,Soroushi Ajaar binti Usama,z16ygj,2
295197116692,Seniya Sajaf binti Zakawat,2n6939,1
270259405609,Izz Samsam bin Barzin,t0xi6y,5
685130036226,Wardda Mahsuri binti Mudassir,c6st47,5
705658897928,Rufqa Sajaf binti Musawwir,mkl08n,2
831551600533,Zikri Bintang bin Haruun,mqywyu,1
725672077653,Adiputeri Rabwah binti Sulung,b6sj1a,2
048807175827,Wadida Amaal binti Wadood,mxhcl9,2
561279223564,Sidratul Tasmia binti Bujang,ncvjsf,3
277088257930,Ghazaar Ruwayfi bin Aaaqil,y8sk6a,4
234781542024,Haryati Waleeya binti Barzin,4kw2r4,5
649425829218,Dhia Kasih binti Aati,anohxr,2
933311340752,Rabwah Amaal binti Ishraq,bgprs5,5
362513668254,Kuntum Tempawan binti Qawi,ql3uqt,3
232268508784,Mubdia Bunga binti Imen,423dip,4
722145860394,Mawiza Mawiza binti Sabtu,v7js11,3
839757391188,Dhia Delima binti Musawwir,lskji3,1
901783197049,Zaheera Zaituna binti Zayana,qsucmx,3
959683032505,Aaaqil Sabit bin Mishkat,tm2dzg,1
237791213386,Musawwir Taseen bin Rafa'ah,pjyufz,1
959701727120,Dhia Qiraat binti Zaka,r0blht,3
250197864250,Nazra Ihkam binti Mizn,9p4u9x,3
023992751251,Amaal Wasiya binti Muzakir,jrue09,1
793885504412,Khilaal Wifaq bin Ayyash,5svk5a,5
563489020331,Hazer Musawwir bin Muzakir,x81mhl,5
237745602524,Sannan Wathiq bin Muzn,grpw5c,4
296522855368,Aayizah Rabihaat binti Ajiad,0bgzeo,2
460069912725,Arhaa Zaafer bin Aqsad,u7wpbl,2
064922586137,Ayyash Bintang bin Johan,g40m3j,5
518639708486,Jenab Jazaa binti Bujang,5mcpba,1
415201057101,Aafaaq Khajeer bin Taseen,vq51j7,1
499616038591,Nijat Muzakir bin Zuljalal,4qczyw,2
967634111586,Rafa'ah Sulung bin Raahim,aq6l3m,1
950234560822,Reehab Ghazaar bin Ishraq,4td3s5,1
243112364064,Aafiyat Munah binti Mishkat,nbj9nv,1
803580075851,Hapsah Maeen binti Haissam,5vr0e9,1
179802596451,Rufqa Suriani binti Slamet,d7ntft,2
250446446539,Dhia Aayizah binti Jebat,trdlv9,5
250734560588,Aafaaq Muzn bin Zuljalal,pnlul1,5
549955237772,Sajjal Sajaf binti Musawwir,tpxm12,1
430474799863,Cik Aeni binti Jebat,3noewk,4
676542089595,Izz Zaheera binti Ajiad,bj834c,1
172496461494,Muzn Iesa bin Sayfudin,odp00z,5
319950708102,Wadood Ahkam bin Mizn,a4l2um,1
040906092109,Mannal Amaal binti Afsah,9tumwr,3
991667201590,Megat Khilaal bin Ajiad,3ydlf4,3
663372192913,Muda Sayfudin bin Ahkam,xtlfyh,2
090589141925,Aayizah Haryati binti Aati,aupue3,3
929873956999,Mannal Muminah binti Tuah,605d5e,1
635053300029,Zamira Puteri binti Yaqeen,bmmxr0,1
883591180313,Sineen Aafaaq bin Istiqlal,fivbhf,2
415988537746,Bisaam Raahim bin Putera,fgabi7,1
890866260079,Wadood Iffaan bin Putera,c83sig,4
806517102292,Wasiya Waleeya binti Reehab,ckw5ql,2
624839512769,Ishraq Sabit bin Sulung,u01ush,3
863074975211,Rufqa Sibgha binti Barzin,jvj16i,5
227057543569,Afsah Budiharto bin Aaaqil,98s2u6,4
239621529352,Maarib Aarifa binti Zayana,mk0daw,4
509939251708,Mishkat Ayyash bin Ishraaq,qjmlfp,1
776692658438,Joyah Puspawati binti Aayiz,vqltcw,4
782360009017,Izz Izz bin Aati,1s52bk,2
578067607941,Zikri Ayyash bin Tuah,qusz9e,2
087247422001,Dinihari Arwaa binti Zahabia,0l61zo,4
186637990665,Maeen Surintan binti Iesa,r7sdoa,2
057767942990,Sineen Ruwayfi bin Sannan,wo0opy,5
088091852458,Adiputeri Wasiya binti Ishraaq,phbig6,4
077574618168,Azarnoush Wasfia binti Mudassir,b6z0lq,1
936930807129,Kechik Afan bin Ayyash,hkzrq6,4
239011028394,Muminah Kembang binti Wadood,c6lrwl,5
088155247855,Sidratul Twaf binti Awang,jd5x0r,1
167902414857,Hapsah Indeela binti Hatar,e9fxxh,4
288606660884,Sajjal Izz binti Sineen,62yyx8,2
040702280148,Wadida Rosemah binti Khilaal,rk8oaq,4
639441835225,Idrak Ishraq bin Iffaan,oo02vw,1
612014355714,Cik Tasmia binti Zaafer,dqrusk,1
427460048105,Ibhar Maeen binti Waase,p33hvq,5
787409023890,Sannan Samroze bin Zulkifl,fiy0iu,3
049151668018,Imen Indeela binti Aadam,0qlnsw,1
550434801518,Mubdia Mannal binti Awang,al1fvk,2
363226561078,Mayang Joyah binti Nijat,6lii2j,1
495551495499,Qazzafi Yaqeen bin Ishraq,p9rw3n,1
869854287339,Zayana Perwira bin Iesa,t1wl6c,1
870786205395,Aayiz Zuljalal bin Izz,739684,5
286324193517,Aatiya Ibhar binti Hazer,pnkj3k,1
919863333613,Melur Aatiya binti Sayfudin,46wgza,4
160804983775,Wathiq Ishraq bin Ghazaar,k6fl6p,3
547715935622,Mizn Izz bin Barzin,8uwehu,5
310664141772,Puspawati Tasmia binti Afan,ovgce0,1
992818968517,Waleeya Jenab binti Selasa,uzcawz,4
550720374673,Waliyudeen Teruna bin Ahkam,24idhf,1
699778459550,Saqabat Iesa bin Taish,pw8lqn,1
423973321161,Wasiya Jazaa binti Qawi,8d3r6v,5
836321145536,Marjia Sajaf binti Aadam,15jumk,1
759754429278,Izz Wadida binti Panjang,6okmh6,4
596940544693,Tijah Nazra binti Barzin,ifgp5l,3
256720353104,Waliyudeen Aadam bin Mishkat,rolg6r,5
271444788314,Fuaad Khilaal bin Budiharto,4rniw4,4
787828167200,Ruwayfi Sibbt bin Wifaq,s3jpqm,4
550012444055,Sibgha Maeen binti Ishraq,bg8t5m,2
414876304253,Ibtisama Kasih binti Izz,3y2b87,3
879855607225,Wathiqa Delima binti Bujang,nda2bj,2
972095482908,Zaafer Rafa'ah bin Hazer,yyoo0y,3
738427368786,Jenab Teratai binti Hatar,nkb1ck,4
816377642096,Reehab Bisaam bin Putera,9hnxuy,5
024300052592,Usama Wathiq bin Budiharto,dr2l2a,2
363646325519,Cahaya Sibgha binti Muda,7jda3o,2
423825339914,Bisaam Muzakir bin Ruwayfi,ttav2o,2
111797372867,Tembam Tembam binti Nijat,nzunyu,5
672311474754,Raqeema Indeela binti Aadam,zgbxmy,2
618211611091,Samroze Wifaq bin Slamet,jgpos5,2
739609923707,Qawi Muda bin Zaka,zq780r,5
768324391507,Aafiyat Indeela binti Izz,fjcsnr,3
983272800191,Khajeer Panjang bin Waliyudeen,ub3ylp,5
192054747133,Zakawat Ruwayfi bin Budiharto,yqq9q2,5
230164686548,Izz Samroze bin Megat,2nxuyi,3
678570068208,Tempawan Mawiza binti Taish,7mwc5k,2
593755132764,Tenuk Jebat bin Barzin,bg0m02,4
068366850221,Jebat Aadam bin Haruun,r7o8jl,2
238398566969,Panjang Tuah bin Bujang,b3czpp,2
879278486786,Sineen Wadood bin Sannan,xwtcd4,4
136931468991,Soroushi Aafiyat binti Sannan,6woavg,2
585177956072,Aaaqil Taish bin Putera,8yeeqh,4
431129414886,Izz Waleeya binti Tuah,sr9dn3,2
467401382199,Sayfudin Sulung bin Taish,w6b1io,1
551790637894,Rabihah Shanzey binti Ishraaq,8kdfrk,3
919320267118,Tijah Cempaka binti Aafaaq,pfbzfe,2
388644458477,Mawiza Zulla binti Wifaq,uv22di,4
149729778593,Dhia Delima binti Tenuk,hgjaja,2
616570747717,Wifaq Sabtu bin Qazzafi,7ja40m,5
024462731983,Joyah Esah binti Ishraaq,alu8by,3
598964966433,Jebat Hatar bin Saqabat,t5cvxd,1
689114061360,Zaituna Aayizah binti Arhaa,54l12h,2
189242079164,Muzn Barzin bin Fehmeed,ptih9s,3
411543761328,Wadood Selasa bin Hazer,va0hdp,3
548179639521,Awang Kechik bin Saqabat,micmh9,1
659041844372,Ishraq Iyaan bin Mishkat,1ra5t2,1
403667437577,Indeela Dhia binti Idrak,ilfwy4,3
173404078384,Sannan Bujang bin Budiharto,wdi0f3,3
200168346637,Soroushi Tipah binti Qawi,c09mc9,1
175319549751,Wasfia Ibtisama binti Khilaal,2q0p98,1
484253302414,Cucu Adiputeri binti Haissam,12lkgh,3
116811713527,Aadam Junada bin Usama,0c1pjm,4
011930316635,Aqsad Afan bin Junada,edzbj2,4
270887714456,Kuntum Mabrura binti Maymuun,cut8yl,1
126564987571,Mawiza Jazaa binti Fehmeed,6xbebe,1
172313629639,Wadd Mishkat bin Izz,c0zml8,4
184664190097,Zamira Azarnoush binti Tenuk,de8ind,4
058815287773,Wasiya Aatiya binti Idrak,3c93ji,1
671291977715,Aatiya Maeena binti Aadam,27tn12,1
556292361937,Fehmeed Ahkam bin Budiharto,r25k0v,1
607491086321,Rafa'ah Saqabat bin Wifaq,ulxtkm,4
444055217366,Ajaar Muminah binti Bintang,14gxvg,2
958758260718,Mahia Suriawati binti Atheer,5pjyqv,4
228199756742,Sibbt Aati bin Atheer,lyxox1,5
225244736253,Megat Iesa bin Aati,5fkb17,1
085319518644,Zaafer Teruna bin Muzakir,fxvbsr,4
595000129005,Aayiz Hadees bin Iesa,fiambr,2
193366360730,Bujang Zaka bin Perwira,mzwhp5,1
758258119346,Cik Dinihari binti Bisaam,xse6lv,1
067967263988,Bujang Haissam bin Idrak,wx0qai,4
793998119323,Rabihaat Sajaf binti Waliyudeen,a1oa0h,1
661966674571,Khilaal Putera bin Maymuun,f8pcwz,5
159425365837,Kasih Anoud binti Afan,hz38aw,4
946023122142,Adiputeri Suriawati binti Selasa,kmjcsr,3
747387267712,Ahkam Istiqlal bin Hazer,xy1rxs,1
353768867639,Aadam Hadees bin Sayfudin,12tsms,3
844657935862,Sayfudin Ishtiqal bin Barzin,6eozek,3
302444903483,Tuah Aadam bin Qawi,su0htr,1
041186101671,Imen Senin bin Sabit,i32yss,3
866893505866,Johan Iesa bin Ghazaar,9ok1a8,1
846726035572,Seniya Marjia binti Atheer,di9nzu,2
004076891258,Arwaa Tembam binti Khilaal,1znlmg,2
180864416835,Hatar Putera bin Arhaa,iqvss7,3
245357128117,Izzati Sibgha binti Senin,809bz4,5
033325902886,Ibhar Azarnoush binti Iyaan,tmdy66,3
045622552455,Mannal Ajaar binti Ruwayfi,nrg1dy,1
057359534896,Raqeema Sanabel binti Hadees,wxqwrd,2
204840512671,Nazra Anoud binti Ruwayfi,f4zoa6,5
065104822776,Wathiq Hazer bin Zakawat,ww8bg1,4
305973263856,Ibtisama Shanzey binti Ayyash,npaiqt,5
764197712666,Sibgha Twaf binti Iyaan,wfby8b,3
076827762619,Mahia Mayang binti Sabtu,jddm5z,4
609743265148,Rabihaat Samyan binti Musawwir,sfvjso,4
387660656586,Cucu Ibrat binti Perwira,3u8e8s,4
545007282736,Usama Fehmeed bin Waliyudeen,1sbmbt,3
987676535794,Fuaad Mudassir bin Tenuk,3qzfu4,3
655508321964,Masayu Aeni binti Zuljalal,3iwda7,4
479500972373,Sibgha Uswah binti Mudassir,oglxb5,3
323356978320,Reehab Haruun bin Waliyudeen,3f93yn,1
908451011810,Tasmia Jazaa binti Junada,ox7u12,2
659177707776,Hadees Samsam bin Wadood,c8pnqv,5
109107199829,Slamet Sannan bin Mizn,s838f2,5
413869937970,Wadd Iyaan bin Zakawat,3lo9lk,5
600805393899,Tempawan Zamira binti Aaaqil,4aoz9f,5
137118072651,Izzati Waleeya binti Jebat,rs65sm,2
297717037709,Teruna Sayfudin bin Zakawat,ru3g6g,3
938784588919,Aayizah Izzati binti Aswab,jyn1dg,1
274031316434,Taqdees Melur binti Ishtiqal,648as1,1
418987334020,Suriani Aafiyat binti Izz,emmlb9,5
653478734058,Arwaa Cucu binti Fehmeed,n5b2o6,1
538771805853,Latipah Mahia binti Bisaam,7to1qu,4
962340116006,Uswah Rufqa binti Iyaan,jlf376,3
093412201989,Puteri Zaheera binti Adiputera,alj26v,4
859304461516,Jebat Samroze bin Barzin,h6xhxq,3
295360261496,Waliyudeen Ishraq bin Mizn,224eic,4
010641737254,Aeni Taqdees binti Haissam,wc1vec,3
332443442094,Zahabia Ghazaar bin Tenuk,z4ustv,4
301659339062,Tenuk Ishtiqal bin Reheeq,62dk2c,4
070242119872,Ahkam Ishraq bin Hazer,hza4cl,5
641070434494,Sabtu Perwira bin Waliyudeen,211xlf,2
863751219139,Muzakir Arhaa bin Bintang,leuztg,1
982929833254,Wardda Qiraat binti Saqabat,176zil,2
972319823887,Ibhar Haryati binti Taish,yq2q9g,3
721646329508,Senin Aaaqil bin Taish,2na6ue,5
745343841350,Haissam Sannan bin Qazzafi,nv9sd6,2
620584335801,Johan Muzn bin Qawi,081fcr,4
397461487984,Izz Aafiyat binti Barzin,4cgg03,1
606090746694,Suleika Nazra binti Afsah,r02tg4,1
570125918710,Aafiyat Teratai binti Mishkat,8v8d9o,5
990929518470,Mubaraka Tipah binti Khajeer,rr5brj,3
482353191098,Sabtu Muzakir bin Ahkam,ovc47k,2
068852762070,Shanzey Sajaf binti Zahabia,zuuipe,2
710003592625,Ahkam Barzin bin Hazer,ywpce8,4
766963626945,Adiputera Iyaan bin Jebat,l2zbk3,1
567131375675,Ahkam Fehmeed bin Wadd,0ru8zb,4
588189788920,Zaituna Indeela binti Sibbt,evncmu,3
007977350169,Afeen Izzati binti Iyaan,f6aqyh,2
035392046585,Raahim Mishkat bin Ghazaar,5xcqzv,4
386713153081,Wasfi Senin bin Reehab,jkfhml,5
400822792670,Sajjal Mubaraka binti Bisaam,g2mhkw,3
196210778461,Mubdia Afeen binti Waliyudeen,0yd126,1
858965131151,Nijat Slamet bin Zakawat,jz9p4y,1
803649604110,Teruna Wadood bin Sineen,gj8x6h,1
623778529907,Ahkam Afsah bin Qawi,hlg086,1
028855751635,Maarib Melur binti Muda,otfpzj,3
078463672361,Teruna Kechik bin Khilaal,hnzqs1,4
652925532387,Tijah Amaal binti Bujang,1eelq9,2
377203671890,Muda Samroze bin Idrak,zfll0s,3
434381357673,Rosemah Mabrura binti Aaaqil,erqs2b,5
821629654626,Nijat Ayyash bin Awang,h8of5y,2
781666777244,Aati Zayana bin Zahabia,rye0ob,5
765618181583,Qawi Junada bin Mizn,ul8dgn,4
373914281739,Iyaan Haissam bin Perwira,oakra2,3
010433289079,Arhaa Hadees bin Aqsad,udryna,3
624597557479,Sineen Wathiq bin Khajeer,jyzkrk,2
019500031539,Mannal Shanzey binti Barzin,f6tots,1
557254476330,Zamira Ajaar binti Atheer,w0lc3p,2
436671523580,Amaal Ibtisama binti Raahim,7o2af2,4
784006489198,Mubdia Surintan binti Muzakir,50gix2,5
372355635571,Sajaf Maeena binti Izz,hlbe75,1
022396288509,Izz Jenab binti Bisaam,8pfedy,3
633423980730,Twaf Dhia binti Aayiz,0fumld,2
505589731805,Anoud Azarnoush binti Wadd,f4qesc,5
411762954058,Aafiyat Mubdia binti Izz,1ntgvp,5
198175546787,Idrak Budiharto bin Nijat,kyrzzt,1
973244329349,Haryati Arwaa binti Zikri,wijshk,1
093548113965,Zahabia Wifaq bin Ishraq,t04s71,3
069059304702,Zaheera Ibtisama binti Atheer,i6evbu,5
732690869668,Fehmeed Musawwir bin Hatar,xhnxt5,5
026489893586,Ibrat Raqeema binti Sabit,qh4p3n,1
504447574995,Abaasa Cucu binti Hazer,5v8mh5,4
754790294222,Taqdees Munah binti Muzakir,v5z54w,4
165407052497,Taqdees Delima binti Putera,di0bxn,4
588862956222,Sayfudin Qazzafi bin Ruwayfi,498dhc,4
301505423018,Indeela Soroushi binti Fuaad,hhoj58,4
409547437449,Sajaf Mubdia binti Aafaaq,jyj6hw,3
782695055654,Wasfia Sanabel binti Kechik,9p7fz3,3
228500117514,Bisaam Jebat bin Wadd,11ulws,1
702434181900,Wasfia Ibtisama binti Muda,k7k58z,2
003279752801,Selasa Tenuk bin Aafaaq,8qmkvg,3
161268596245,Aatiya Cahaya binti Musawwir,hhsq9l,4
918417721023,Ihkam Aeni binti Slamet,frghcj,4
265632525733,Muda Haruun bin Awang,kznxb8,5
809334833850,Ruwayfi Idrak bin Wadd,tg9jtu,2
337235201621,Saqabat Samsam bin Aqsad,dfrzo5,5
247794174439,Muminah Zamira binti Sibbt,z95vd5,4
808374622675,Waase Bujang bin Wathiq,g54er5,5
462879705551,Teruna Hatar bin Idrak,l2yof0,4
673925133517,Rabihaat Teratai binti Wathiq,z8cd4u,1
895438804775,Suleika Tasmia binti Khajeer,j3cdo9,1
669736335949,Dhia Zamira binti Bisaam,9lxdm4,5
861068370201,Kembang Wisama binti Tenuk,r5564v,1
205410942661,Afsah Taseen bin Musawwir,ml40tt,2
192033972341,Hazer Zaafer bin Johan,uhtih6,3
277410788407,Aayizah Sajjal binti Zikri,y32lrc,5
558694400875,Bunga Latipah binti Bisaam,6684rk,4
874160475102,Izzati Sidratul binti Muzakir,8f76qu,5
181793039650,Aeni Raqeema binti Saqabat,dci4ts,5
101826962585,Wadida Haryati binti Ishtiqal,n7v7mi,2
780139659597,Tasmia Abaasa binti Junada,ya8tbb,5
147201808727,Haissam Jebat bin Sulung,nq7f73,4
465413835084,Iyaan Khilaal bin Sabtu,el511j,1
422543933596,Waase Aqsad bin Ruwayfi,qnknbx,2
821601048513,Mubaraka Melur binti Zaka,uli8ms,5
273100763607,Usama Raahim bin Nijat,3bsh1l,3
152448752644,Ayyash Mizn bin Zayana,4n0k9p,4
173889717926,Tasmia Izz binti Wifaq,hyaz3g,1
472555116520,Wasfi Izz bin Afan,qbt83v,2
464806318314,Teratai Indeela binti Imen,9t6mzx,4
103681898737,Sibgha Rabihah binti Idrak,puur18,1
982726341267,Amaal Esah binti Bujang,gsxxio,3
980854053599,Ibtisama Izz binti Sannan,scokdf,4
535029599495,Nazra Wadida binti Waase,afm7kq,3
388176497550,Kembang Aarifa binti Barzin,xxglyc,2
583698476183,Muzn Selasa bin Mudassir,to8og2,3
728231568070,Esah Soroushi binti Wadood,9rclxp,3
136517335062,Mannal Melur binti Aafaaq,6ga6oq,2
521945367668,Aaaqil Zikri bin Tuah,ynhqlf,3
257629403980,Sanabel Sonbol binti Slamet,j7ovq3,3
816749774321,Hatar Wadood bin Usama,35wwyq,4
043310646570,Kechik Wifaq bin Aaaqil,wbayev,1
816774154500,Zahabia Ishtiqal bin Aafaaq,9xnvrb,4
570561027507,Sibbt Imen bin Aadam,gtpzdn,4
749658086911,Iesa Istiqlal bin Waase,aox16w,4
753342561538,Ibrat Waleeya binti Qazzafi,bg3rmc,3
901803451949,Cahaya Latipah binti Bisaam,zw8qox,3
064742336747,Afeen Zaituna binti Mudassir,f6b0ix,2
288848448650,Maeen Teratai binti Mudassir,9ef4nh,5
411393627137,Waleeya Puspawati binti Ishraq,zsfg4a,2
048707051091,Hatar Tenuk bin Ruwayfi,lr3bmg,5
944698685119,Zaka Sabtu bin Khilaal,z5uorm,2
616145420092,Kembang Qiraat binti Sabtu,k0xmy9,4
305529024770,Sabtu Reheeq bin Kechik,rlich6,5
324326690701,Aafaaq Hazer bin Aswab,1s3m0f,2
723428922449,Aafaaq Zakawat bin Aaaqil,rcu9jl,1
014910077124,Wasiya Afeen binti Mudassir,eug33l,3
174362864747,Zamira Adiputeri binti Iffaan,752pjh,3
913628198385,Imen Adiputeri binti Aadam,md4dfj,2
096099335097,Wasfia Aafiyat binti Afsah,ver3em,5
001657795700,Ghazaar Taseen bin Wadd,ypmh9u,4
750414665850,Mubdia Aeni binti Hatar,lcw6td,1
177344808799,Sabit Awang bin Idrak,ml3bp0,2
120299829246,Delima Ihkam binti Muzn,1goog1,2
591611787917,Surintan Maarib binti Aswab,xa6eco,1
424742291085,Aayiz Bujang bin Reheeq,cy0rfx,5
037495865224,Zaka Putera bin Aayiz,fp7hwz,4
540520022019,Muda Aafaaq bin Tenuk,g9x2d4,1
225063393454,Megat Ishraaq bin Afsah,cosegs,4
247701689575,Hazer Khilaal bin Reehab,23t3rm,4
200105054389,Samroze Wathiq bin Ahkam,7u0poe,1
492462461686,Iyaan Ghazaar bin Putera,s6992n,5
422343002364,Suleika Zulla binti Aafaaq,nbqay8,1
619914813803,Zahabia Wadood bin Johan,j105cp,2
132338622963,Khatijah Jenab binti Taseen,431kpu,4
811247003552,Junada Zaafer bin Sayfudin,d83wts,1
132629031309,Mahsuri Abaasa binti Aafaaq,q5dlov,2
003508728560,Puspawati Arwaa binti Mishkat,xnt1du,3
893888132151,Wasiya Kembang binti Ghazaar,sx9mof,2
754878161963,Aafaaq Mudassir bin Aswab,l09k81,1
396913777410,Izzati Mannal binti Zulkifl,al966s,1
695923433727,Hapsah Jazaa binti Bujang,a1rbr8,5
813888548950,Amaal Sidratul binti Aafaaq,y7bjyu,5
679375028505,Ayyash Aswab bin Awang,w250qu,3
328369801393,Mabrura Shanzey binti Sannan,xvkaqw,5
695158086545,Sonbol Ajaar binti Sineen,k9dape,1
599125685708,Zaka Hatar bin Hazer,wcyuru,1
681448321427,Johan Aswab bin Haruun,mk05o9,5
941661845208,Jebat Taseen bin Istiqlal,eetc2g,2
232984699606,Barzin Perwira bin Ajiad,4ayidj,4
593177913139,Awang Reheeq bin Idrak,078qdt,5
648320410327,Bujang Rafa'ah bin Zakawat,5ig2jk,2
227251194495,Aafiyat Masayu binti Haruun,znqdn1,5
543671597474,Johan Aswab bin Reheeq,u6wvbl,5
781920990475,Rufqa Adiputeri binti Iyaan,c6xk9b,1
312828029257,Rufqa Adiputeri binti Adiputera,4un9fb,3
104820271982,Ghazaar Waase bin Khajeer,zmejs1,1
962425132187,Rabwah Tipah binti Muzakir,ig0pxm,4
184628809409,Hazer Sayfudin bin Imen,2ap7d2,1
936229039828,Teruna Muzn bin Istiqlal,l5kl88,2
604019087186,Ibrat Joyah binti Jebat,zre0pt,4
783504337459,Izz Wadood bin Putera,lxwepe,4
751739650102,Kuntum Arwaa binti Afsah,yw5j7p,1
327653019025,Zayana Kechik bin Zikri,4ax4k5,4
662595272232,Soroushi Tijah binti Ishtiqal,qbw5rg,3
159922625902,Fuaad Aswab bin Budiharto,kllcul,4
244651315295,Zakawat Bisaam bin Aadam,gxnib7,1
465488336458,Shanzey Aatiya binti Afan,c93330,5
539164130461,Tenuk Qawi bin Junada,zieymn,4
420839215977,Wathiq Raahim bin Zikri,ah5m37,3
478254853540,Aafaaq Haissam bin Taseen,1esd0j,2
706533397055,Bisaam Perwira bin Iffaan,bkm7hk,5
372159082475,Zaheera Tasmia binti Sabit,fqe9qq,1
783280247675,Anoud Mayang binti Sibbt,o1345f,5
824056634584,Qiraat Jenab binti Waliyudeen,bmfuw0,1
001841912659,Zuljalal Usama bin Wifaq,dif3c3,1
641202367879,Maeen Kuntum binti Jebat,kja8fg,4
614182763920,Izz Afeen binti Fuaad,ajz3o4,5
778953453663,Maymuun Samroze bin Aqsad,tw6cv2,2
191517605546,Saqabat Qazzafi bin Muzakir,vdgfpy,3
943587926667,Adiputera Wathiq bin Sulung,2xsmu4,3
816564080486,Taqdees Aafiyat binti Zaka,mxtl9n,2
474679707558,Taseen Ishraq bin Bujang,i9hxto,4
699560633956,Senin Tenuk bin Khajeer,92kq3p,1
220788189725,Zaheera Wisama binti Bisaam,py4x5g,2
471282608437,Muda Taseen bin Yaqeen,pvfmvt,1
125713347458,Sanabel Ibrat binti Barzin,k5xrd6,2
200047513782,Aadam Hatar bin Sulung,thbk89,1
523447155172,Imen Ibtisama binti Teruna,bnbtyw,3
997352744168,Hazer Bujang bin Teruna,83it4p,1
395752211234,Aarifa Raqeema binti Waase,3ygp29,2
385296581168,Dhia Waleeya binti Taish,9sya29,5
631158483822,Ahkam Nijat bin Waliyudeen,1imrzt,4
244808581688,Zikri Bisaam bin Kechik,1u7ajf,5
867470546118,Wathiqa Abaasa binti Khilaal,ujrya0,1
862797586081,Bujang Aqsad bin Ahkam,qrkujo,2
613652455401,Amaal Ibtisama binti Samroze,blz1f1,3
241279166206,Tipah Mayang binti Fehmeed,i1ldgu,1
412752153281,Suriawati Nazra binti Samsam,0c8x18,5
694230879244,Amaal Sonbol binti Hadees,avt1ze,2
389511419705,Tembam Wadida binti Rafa'ah,f2pb4l,1
271799841292,Budiharto Ishtiqal bin Sibbt,dde3zm,2
552762722015,Iyaan Bujang bin Maymuun,245xe1,3
283650126649,Tembam Samyan binti Ruwayfi,jif5hf,3
937512261953,Adiputera Musawwir bin Sayfudin,k14q9p,1
503412697362,Rabwah Anoud binti Khajeer,iq35an,5
837138985461,Latipah Munah binti Izz,3lgv1c,5
885470556175,Ibrat Dhia binti Fehmeed,54hs77,5
761177264199,Suriani Dhia binti Budiharto,ok8fti,1
478996544702,Qiraat Afeen binti Iffaan,ckmx8z,5
595319345428,Puteri Rabihah binti Bisaam,bv47x2,2
052885297993,Aayiz Reheeq bin Johan,jee2wl,5
429702563562,Masayu Tipah binti Megat,jrek10,5
546780689459,Cahaya Arwaa binti Senin,26v2fk,4
542563891510,Sabtu Usama bin Afsah,xzslho,5
703688119746,Yaqeen Waase bin Awang,xt7qsb,2
481555165487,Imen Iffaan bin Barzin,lobd4e,5
336365541974,Ayyash Reehab bin Iesa,sn31mt,1
672523852448,Mishkat Teruna bin Sannan,b4e2nj,5
061541916285,Munah Taqdees binti Idrak,1vkrmf,2
874916254119,Ibhar Izz binti Istiqlal,9jywfm,3
857630761224,Adiputera Zahabia bin Raahim,ybwjb7,1
577341761334,Arhaa Tuah bin Bintang,ihe3r0,5
032526399211,Mabrura Amaal binti Wadood,kcbnuy,1
299734588627,Wasiya Ibrat binti Sulung,98pmkr,3
377486294937,Mawiza Mubdia binti Awang,83w8ah,5
713643134157,Tipah Jenab binti Wasfi,ok0khb,2
713657300728,Maarib Ibrat binti Ishraaq,fhvifo,5
173686279430,Junada Aati bin Zuljalal,ijilhg,4
707511091208,Sibbt Panjang bin Hazer,o8bfoi,5
881982559091,Wisama Sanabel binti Idrak,9r1d0r,1
611435569557,Ajiad Yaqeen bin Sibbt,cfw682,1
501589657023,Ihkam Khatijah binti Haissam,clyx3d,4
168836214761,Sayfudin Junada bin Ishtiqal,lbo26w,5
377106519832,Bujang Johan bin Reheeq,paerl4,2
232696468720,Indeela Mubdia binti Hazer,7kwoq6,4
277774837584,Jazaa Cucu binti Tenuk,9mtrbc,4
336313389565,Raahim Yaqeen bin Panjang,kbn326,2
101649143653,Twaf Teratai binti Afan,30s9wn,1
863907933206,Taish Haruun bin Hatar,va6vi5,3
810307695673,Ajaar Seniya binti Kechik,dlmbxx,4
007253070920,Idrak Taish bin Aafaaq,fh5u4j,3
861351178432,Puspawati Sidratul binti Hatar,t9spyy,3
578402101517,Waase Rafa'ah bin Mishkat,y439dt,5
295434268234,Afan Sulung bin Khajeer,uglq1a,5
197776796770,Ibhar Nazra binti Arhaa,ii99qy,3
351358890465,Mizn Zuljalal bin Afan,5ugsgv,4
203752684961,Ayyash Barzin bin Qawi,34s2ag,2
593254343813,Atheer Nijat bin Waliyudeen,e2ntc9,2
839156514054,Teruna Khilaal bin Iffaan,nsq6l4,4
157050793468,Taqdees Suriani binti Qazzafi,m7sphg,3
726875659356,Zahabia Yaqeen bin Tuah,hv0mpj,5
478456912282,Sayfudin Qazzafi bin Raahim,3h3oyq,1
397321012075,Mubdia Wisama binti Imen,530mrq,4
849349797564,Tipah Wathiqa binti Zakawat,psvw0u,1
969402347410,Ahkam Kechik bin Usama,5nqjao,2
623887993136,Iffaan Selasa bin Zuljalal,51g3xg,3
643174004695,Mayang Tembam binti Bisaam,bomfiv,4
393955610998,Putera Imen bin Iyaan,bvmhz2,1
108517443743,Yaqeen Zikri bin Mudassir,8766db,4
177206434825,Sulung Samsam bin Hazer,n8bk2u,3
326196622149,Melur Suriawati binti Hazer,j10vu4,1
809299879729,Dhia Mubdia binti Sibbt,mtz574,3
976743467618,Indeela Zaituna binti Putera,d06sv3,3
140867977017,Puteri Cahaya binti Yaqeen,q2a4uq,2
545449104519,Rabihah Mannal binti Mudassir,xmcab6,5
484415630880,Khilaal Bisaam bin Sabtu,yh9wxx,4
354585981862,Hatar Ayyash bin Maymuun,2h19l8,4
036888966425,Perwira Zayana bin Wifaq,7b2qfj,4
084439177324,Wasfia Cempaka binti Ishraaq,q6jcn4,3
571530002540,Raahim Izz bin Khilaal,il5f2x,3
615401995097,Sabit Reheeq bin Afan,rif6xq,5
417529796073,Sidratul Suriawati binti Sibbt,kdkfij,5
118826067117,Suriani Aatiya binti Sibbt,dkefx8,2
675572383673,Seniya Tempawan binti Aati,mp38mo,3
118011537139,Cucu Rufqa binti Idrak,ljdcwg,3
499424515859,Mayang Wisama binti Zikri,fd9l5p,2
636377891139,Sabit Iesa bin Reheeq,97ftty,5
196265545145,Aayiz Iyaan bin Zuljalal,0ko4xu,5
047604869310,Kuntum Adiputeri binti Zayana,auev4r,4
544223001974,Tipah Tempawan binti Sulung,2kif84,5
378259249424,Bisaam Muzn bin Sineen,dp9kq3,1
182314914692,Waleeya Wasfia binti Ishtiqal,bpq16g,2
199288544066,Tijah Ibrat binti Bintang,mtj2gg,4
828767556578,Ajaar Hapsah binti Khilaal,s4kefv,5
871798656027,Zaafer Aayiz bin Ayyash,vjsve9,1
137502372385,Khajeer Senin bin Kechik,cb0i1m,5
426620184092,Azarnoush Abaasa binti Junada,qzxzyh,2
481788289167,Zaka Iyaan bin Sulung,trznzk,3
611196918604,Aafaaq Zulkifl bin Zaafer,2ug6oe,3
056259175747,Munah Marjia binti Mudassir,gu0pem,3
807974037924,Hapsah Aatiya binti Izz,ijuphh,1
421963002554,Tembam Seniya binti Zakawat,kp5323,5
249357111064,Senin Wadood bin Zaafer,9mx7fy,3
185040893361,Haruun Haissam bin Zuljalal,bwvvyk,5
358758659274,Rabihah Tipah binti Sayfudin,8150md,5
825178819729,Afsah Ruwayfi bin Tuah,wvaohb,2
322980165000,Wadida Nazra binti Selasa,q2opfq,5
903662640168,Bujang Bintang bin Barzin,l16ri0,4
666656228129,Muzn Imen bin Wathiq,jk7jdo,1
400866710658,Haissam Jebat bin Rafa'ah,80wjn4,4
300963725601,Wathiq Fuaad bin Saqabat,18gm6z,2
390614022296,Cahaya Zamira binti Barzin,jt4ynn,5
159185224056,Kechik Aswab bin Haruun,6j61bg,1
766411457934,Cempaka Suriawati binti Hazer,0onreo,1
248735789264,Sabit Aadam bin Wifaq,2lvw84,4
585374856870,Khilaal Afsah bin Awang,qwuo47,3
238239567257,Arhaa Wasfi bin Musawwir,z923s9,2
916687094999,Khatijah Rosemah binti Waliyudeen,scny08,4
026880869077,Sineen Afan bin Barzin,0er4qi,5
978735977987,Ishtiqal Slamet bin Awang,ye7x5d,1
793316323439,Wardda Taqdees binti Selasa,cmd1by,2
534483429613,Afan Fehmeed bin Ghazaar,ws9tpk,4
844004623523,Selasa Samsam bin Istiqlal,b0xw8s,5
281109650264,Slamet Zikri bin Zayana,n9hu5n,4
420295512779,Sibbt Reheeq bin Sulung,oxvr8c,1
162852169087,Mishkat Aayiz bin Waase,axkw3y,3
454077492037,Haruun Ayyash bin Aswab,mub7t1,2
013730914894,Qazzafi Tenuk bin Arhaa,ajwthf,3
676556667672,Esah Adiputeri binti Selasa,mg7bi9,2
275681873230,Anoud Sanabel binti Mizn,sehnof,4
188834443718,Barzin Iffaan bin Ishraaq,q5xe5e,5
173214951044,Bujang Ayyash bin Zikri,k9ozib,3
274517332162,Aafaaq Kechik bin Taseen,9b3av3,2
006610466239,Wathiq Aayiz bin Hadees,utoh1p,2
179453256730,Marjia Zaituna binti Perwira,jsl9zm,2
193691611103,Esah Taqdees binti Jebat,hwjrps,5
769719408668,Nazra Qiraat binti Teruna,7hvh1k,3
991394855619,Rabihaat Rufqa binti Panjang,6riwgj,3
741908647434,Jebat Zikri bin Perwira,p917sp,5
380174672087,Ruwayfi Johan bin Teruna,hsbcwi,5
498024308688,Aqsad Khajeer bin Aqsad,chouyx,2
175839129752,Tijah Ibtisama binti Muda,o5k55v,1
882437476467,Bujang Teruna bin Mudassir,hmtnzb,5
995404148473,Tijah Kuntum binti Senin,bxv08r,2
291456192139,Anoud Mahsuri binti Zuljalal,p59yj7,5
190502359237,Aadam Hatar bin Sabtu,c2nsnn,4
591726511954,Izz Rabihah binti Khilaal,qu13wt,1
839152399245,Tipah Mayang binti Khajeer,l0khbp,4
468719660459,Ghazaar Zulkifl bin Istiqlal,wza35m,5
899570393086,Aswab Zulkifl bin Hatar,l143ht,3
238308948992,Puteri Dinihari binti Istiqlal,mpxlcg,5
069870861221,Maymuun Musawwir bin Teruna,e9t9mi,2
524443697967,Mahia Zaituna binti Ajiad,wook0g,3
768552069426,Azarnoush Aeni binti Rafa'ah,5r5lga,5
298855127406,Haruun Ayyash bin Mizn,l4hadl,4
731802387970,Fehmeed Zikri bin Arhaa,o7tcpl,5
088342499983,Reehab Waliyudeen bin Waliyudeen,wupbbw,5
413964429175,Maarib Marjia binti Qawi,d47974,4
562263595772,Mahsuri Maeen binti Yaqeen,e48wpu,3
224766908318,Sannan Aadam bin Johan,v1giyv,4
886369540190,Sayfudin Muzakir bin Samsam,goui9z,5
495129704994,Waase Hatar bin Iyaan,nvldua,5
050491371677,Nazra Qiraat binti Budiharto,3b5zga,2
693409421394,Teruna Sayfudin bin Ishtiqal,t8pcrt,4
408145736289,Qawi Waase bin Bujang,od0lzb,5
243481759880,Zahabia Wadood bin Wadd,kf97x4,2
598537278646,Hadees Waase bin Izz,urjv7t,2
653884302285,Joyah Izzati binti Wifaq,vryinb,5
017723995069,Ruwayfi Aswab bin Waliyudeen,ky59n4,5
032312025846,Zaituna Izz binti Aswab,0n1yxu,2
517153806579,Aati Zulkifl bin Bujang,87awb1,3
334157623760,Kasih Dinihari binti Imen,7o1zw7,5
726208792057,Ayyash Putera bin Zayana,g4izec,5
352993262488,Indeela Adiputeri binti Hatar,kmjdce,5
926350502688,Aswab Perwira bin Istiqlal,7me34e,2
678577522837,Hadees Imen bin Wasfi,cz064g,5
665451236305,Arwaa Amaal binti Taish,nqx62k,1
832341388867,Rafa'ah Ishraaq bin Khilaal,rtlt38,4
392240290627,Bujang Panjang bin Samroze,we7c5j,4
521668519795,Anoud Jenab binti Haruun,r319ly,5
100213888091,Mahia Ibtisama binti Jebat,pe52hk,2
054134129688,Waleeya Wasfia binti Ajiad,nf5pht,4
054970526926,Tempawan Rabihaat binti Waliyudeen,xe72t1,3
004807899212,Zayana Budiharto bin Khilaal,i2q7rd,1
875733554749,Sidratul Cik binti Maymuun,ydyb66,3
713426808722,Ihkam Wasfia binti Reheeq,q0ikvd,4
323753653610,Sabit Ghazaar bin Taseen,dmnd7h,4
797016526433,Mawiza Aarifa binti Aqsad,d8q80w,5
032276112934,Bintang Musawwir bin Sineen,9gvauj,4
133496425147,Soroushi Qiraat binti Panjang,z23jki,5
223191885770,Ishraaq Muzakir bin Afsah,c4id7s,2
062106172049,Indeela Suriani binti Hazer,tw4qbd,2
734795340107,Budiharto Aafaaq bin Aaaqil,pzkoex,2
211554274409,Wifaq Wifaq bin Waliyudeen,1qx1wy,3
147364222524,Kasih Wisama binti Samsam,g6yvge,1
647706535098,Khajeer Waase bin Johan,awvcx4,4
150880488386,Wasfi Ajiad bin Haruun,4f22uo,2
667828058955,Mahsuri Ibhar binti Aafaaq,7xa3vw,5
843069430301,Budiharto Johan bin Aqsad,rxgsvx,2
390218346779,Suriani Raqeema binti Reheeq,zbst5r,2
203133544535,Iesa Sannan bin Imen,4z0lxp,1
571706468036,Iesa Istiqlal bin Ghazaar,n2y7w7,2
762825255609,Waase Wadood bin Mishkat,bxtup6,3
760674572608,Iesa Qazzafi bin Samroze,7aq6kh,2
089181979125,Waliyudeen Hazer bin Reheeq,otxdks,3
889146446500,Zulla Wardda binti Ayyash,4m2zfr,4
791370031705,Seniya Wadida binti Panjang,mcy84f,2
374532943178,Tempawan Zulla binti Nijat,zeyol7,3
316542865247,Zuljalal Idrak bin Wadood,dduusk,5
688537436596,Sabit Sineen bin Reheeq,eh0dby,3
643877229631,Zakawat Zuljalal bin Idrak,w853hx,3
366337408531,Rosemah Suleika binti Senin,lrul1e,4
402950534142,Mannal Suriani binti Aafaaq,4vncjb,5
418932843280,Kembang Abaasa binti Fuaad,u65wuq,4
450038640964,Wadd Tenuk bin Ruwayfi,ip8z7p,4
489928365728,Joyah Tempawan binti Zaafer,6ycklk,3
063448354943,Zuljalal Sannan bin Jebat,l8cpst,4
752198872054,Wathiq Adiputera bin Ghazaar,159092,3
856188875002,Rabwah Qiraat binti Imen,qopsim,3
738070005828,Muminah Zamira binti Saqabat,7iu52c,4
218625320825,Aeni Mahia binti Sayfudin,4b4u55,1
513950062764,Mahsuri Sidratul binti Wadd,1s5dg8,3
688844073825,Wasfia Imen binti Mudassir,35yqie,4
343615609219,Megat Waase bin Mishkat,3ncehe,1
650659160043,Abaasa Haryati binti Budiharto,hk18nl,1
006817995603,Fehmeed Zulkifl bin Sineen,tvieqq,2
787776270952,Tuah Sineen bin Aati,ziru27,4
430381881580,Surintan Shanzey binti Zuljalal,uan16q,5
891397406180,Ruwayfi Raahim bin Ruwayfi,epreyq,1
754212741525,Mishkat Atheer bin Samsam,8omal4,5
227198597978,Marjia Qiraat binti Muzn,tvaapd,1
624310351943,Kasih Cik binti Muda,u5nvvy,3
022325407049,Kuntum Sibgha binti Sabit,b3igdx,4
471263155661,Muzn Wadd bin Qazzafi,y115uk,4
432827154904,Kembang Cempaka binti Atheer,nr1v10,1
502152709328,Wardda Sanabel binti Iesa,qeii4h,1
896278806112,Usama Slamet bin Waliyudeen,f0h825,2
193453174315,Aafaaq Sulung bin Wifaq,j2hlt3,3
563127182945,Zamira Imen binti Khajeer,7oazwm,3
633988003953,Ibtisama Imen binti Musawwir,w0lk8z,4
679011590837,Wasfi Qawi bin Raahim,qyp917,2
283879470086,Muzakir Aadam bin Iesa,4v4wyq,5
770651348750,Waase Mishkat bin Iesa,jj6vlj,3
562714046389,Wadood Aayiz bin Qawi,f2nbww,1
267532976956,Iffaan Raahim bin Mishkat,1qhbvg,1
723875265767,Zuljalal Zikri bin Zakawat,p37g81,1
054806150713,Teruna Budiharto bin Zaka,wlqcj2,3
572580780216,Waase Fehmeed bin Bintang,j6sjpl,4
